Step,Value
1,1.4681994915008545
2,2.4266451597213745
3,2.0372588634490967
4,1.1048315167427063
5,0.6132519245147705
