Step,Value
1,0.43958500027656555
2,0.07314798980951309
3,0.2162507176399231
4,1.0734592080116272
5,1.8122694492340088
