Step,Value
1,1.2889138758182526
2,2.3626738786697388
3,1.69943505525589
4,0.9085733890533447
5,0.5775073766708374
