Step,Value
1,0.579650767147541
2,0.08151578158140182
3,0.4359070360660553
4,1.277035117149353
5,1.9632956385612488
