Step,Value
1,1.4165370464324951
2,2.327284812927246
3,1.8670910000801086
4,0.9388626217842102
5,0.6063794195652008
