Step,Value
1,0.48132114857435226
2,0.09644331783056259
3,0.31299518048763275
4,1.3107245564460754
5,1.9784244298934937
